,country,direction,prompt,sub_prompt,response_txt,finish_reason
0,台灣,東,請問位於台灣最東的城市是甚麼，並把它地理位置和人口數用中文回答," 台灣,東","

位於台灣最東的城市是蘭嶼，位於台灣東部的海峽上，人口約有三千五百人。",stop
1,台灣,東,請問位於台灣最東的城市是甚麼，並把它地理位置和人口數用中文回答," 台灣,東","

位於台灣最東的城市是蘭嶼，位於台灣東部太平洋上，人口約為6000人。",stop
2,台灣,東,請問位於台灣最東的城市是甚麼，並把它地理位置和人口數用中文回答," 台灣,東","

位於台灣最東的城市是花蓮市，位於台灣東部，距離台灣本島最東端約2公里，人口約有10萬人。",stop
3,台灣,西,請問位於台灣最西的城市是甚麼，並把它地理位置和人口數用中文回答," 台灣,西","

位於台灣最西的城市是嘉義市，位於台灣中部，總人口約有三十萬人。",stop
4,台灣,西,請問位於台灣最西的城市是甚麼，並把它地理位置和人口數用中文回答," 台灣,西","

位於台灣最西的城市是嘉義市，位於台灣本島的西南角，人口約有一百萬人。",stop
5,台灣,西,請問位於台灣最西的城市是甚麼，並把它地理位置和人口數用中文回答," 台灣,西","

位於台灣最西的城市是嘉義市，位於台灣本島西部，人口約有3萬8千人。",stop
6,台灣,南,請問位於台灣最南的城市是甚麼，並把它地理位置和人口數用中文回答," 台灣,南","

位於台灣最南的城市是屏東市，位於台灣本島的西南角，人口約有三十三萬人。",stop
7,台灣,南,請問位於台灣最南的城市是甚麼，並把它地理位置和人口數用中文回答," 台灣,南","

台灣最南的城市是屏東市，位於台灣東南部，人口約有3萬8千人。",stop
8,台灣,南,請問位於台灣最南的城市是甚麼，並把它地理位置和人口數用中文回答," 台灣,南","

位於台灣最南的城市是屏東縣墾丁鄉，位於台灣本島南端，人口約有4萬人。",stop
9,台灣,北,請問位於台灣最北的城市是甚麼，並把它地理位置和人口數用中文回答," 台灣,北","

位於台灣最北的城市是基隆，位於台灣北部海岸，人口約為二十三萬人。",stop
10,台灣,北,請問位於台灣最北的城市是甚麼，並把它地理位置和人口數用中文回答," 台灣,北","

最北的城市是基隆市，位於台灣東北部，人口約有27萬人。",stop
11,台灣,北,請問位於台灣最北的城市是甚麼，並把它地理位置和人口數用中文回答," 台灣,北","

台灣最北的城市是基隆市，位於台灣本島的北部，人口約有25.6萬人。",stop
12,美國,東,請問位於美國最東的城市是甚麼，並把它地理位置和人口數用中文回答," 美國,東","

位於美國最東的城市是佛蒙特州的普羅維登斯，地理位置位於美國東岸的新英格蘭區，人口約有14萬",length
13,美國,東,請問位於美國最東的城市是甚麼，並把它地理位置和人口數用中文回答," 美國,東","

位於美國最東的城市是紐約市，位於紐澤西州東部，人口約8,398,748人。",stop
14,美國,東,請問位於美國最東的城市是甚麼，並把它地理位置和人口數用中文回答," 美國,東","

位於美國最東的城市是佛蒙特州的普羅維登斯，位於美國東岸北側，人口約為24,811人。",stop
15,美國,西,請問位於美國最西的城市是甚麼，並把它地理位置和人口數用中文回答," 美國,西","

位於美國最西的城市是位於西岸太平洋岸的西雅圖，地理位置約位於美國華盛頓州的北部，人口數",length
16,美國,西,請問位於美國最西的城市是甚麼，並把它地理位置和人口數用中文回答," 美國,西","

位於美國最西的城市是位於加利福尼亞州的聖荷西市，它位於太平洋西岸，人口約有一百五十萬人。",stop
17,美國,西,請問位於美國最西的城市是甚麼，並把它地理位置和人口數用中文回答," 美國,西","

位於美國最西的城市是佛羅里達州的坦帕市，位於美國東岸與墨西哥湾交界，人口約為335,709人。",stop
18,美國,南,請問位於美國最南的城市是甚麼，並把它地理位置和人口數用中文回答," 美國,南","

位於美國最南的城市是佛羅里達州的迈阿密，它位於佛羅里達半島西南端，人口約有430萬人。",stop
19,美國,南,請問位於美國最南的城市是甚麼，並把它地理位置和人口數用中文回答," 美國,南","

位於美國最南的城市是佛羅里達州的基韋斯特，位於美國東南部，人口約有2萬8千人。",stop
20,美國,南,請問位於美國最南的城市是甚麼，並把它地理位置和人口數用中文回答," 美國,南","

位於美國最南的城市是佛羅里達州的迈阿密，位於佛羅里達半島東南端，人口約有45.5萬人。",stop
21,美國,北,請問位於美國最北的城市是甚麼，並把它地理位置和人口數用中文回答," 美國,北","

位於美國最北的城市是「費爾班克斯（Fairbanks）」，位於阿拉斯加州中部，人口約有三萬多人。",stop
22,美國,北,請問位於美國最北的城市是甚麼，並把它地理位置和人口數用中文回答," 美國,北","

位於美國最北的城市是費爾班克斯，位於阿拉斯加州的哈珀郡，人口約有5萬5千人。",stop
23,美國,北,請問位於美國最北的城市是甚麼，並把它地理位置和人口數用中文回答," 美國,北","

位於美國最北的城市是波特蘭，地理位置位於美國西北岸，人口數約為65萬人。",stop
24,日本,東,請問位於日本最東的城市是甚麼，並把它地理位置和人口數用中文回答," 日本,東","

位於日本最東的城市是青森市，位於日本本州的東北部，人口約有約7萬2千人。",stop
25,日本,東,請問位於日本最東的城市是甚麼，並把它地理位置和人口數用中文回答," 日本,東","

位於日本最東的城市是青森市，位於日本東北部的青森縣，人口約為18.7萬人。",stop
26,日本,東,請問位於日本最東的城市是甚麼，並把它地理位置和人口數用中文回答," 日本,東","？

日本最東的城市是函館市，位於日本本土的北海道札幌市以東約100公里的位置，人口約為19.6萬人。",stop
27,日本,西,請問位於日本最西的城市是甚麼，並把它地理位置和人口數用中文回答," 日本,西","？

位於日本最西的城市是佐賀市，位於日本九州的西南部，人口約有5萬5千人。",stop
28,日本,西,請問位於日本最西的城市是甚麼，並把它地理位置和人口數用中文回答," 日本,西","

位於日本最西的城市是熊本市，位於日本西海岸，人口約有7萬9千人。",stop
29,日本,西,請問位於日本最西的城市是甚麼，並把它地理位置和人口數用中文回答," 日本,西","？

位於日本最西的城市是鹿兒島，位於日本本州南端，人口約為47萬人。",stop
30,日本,南,請問位於日本最南的城市是甚麼，並把它地理位置和人口數用中文回答," 日本,南","

日本最南的城市是鹿兒島市，位於日本九州南端，人口約有百萬人。",stop
31,日本,南,請問位於日本最南的城市是甚麼，並把它地理位置和人口數用中文回答," 日本,南","？

位於日本最南的城市是佐世保，位於福岡縣，人口約有4.9萬人。",stop
32,日本,南,請問位於日本最南的城市是甚麼，並把它地理位置和人口數用中文回答," 日本,南","

日本最南的城市是位於鹿兒島縣的鹿島市，地理位置位於日本本土最南端，人口數約有193,409人。",stop
33,日本,北,請問位於日本最北的城市是甚麼，並把它地理位置和人口數用中文回答," 日本,北","？

位於日本最北的城市是札幌，位於日本北海道，人口約有18萬人。",stop
34,日本,北,請問位於日本最北的城市是甚麼，並把它地理位置和人口數用中文回答," 日本,北","

日本最北的城市是札幌，位於北海道，人口約有18萬人。",stop
35,日本,北,請問位於日本最北的城市是甚麼，並把它地理位置和人口數用中文回答," 日本,北","

日本最北的城市是北海道札幌市，位於北海道的東北部，人口約有十五萬人。",stop
36,英國,東,請問位於英國最東的城市是甚麼，並把它地理位置和人口數用中文回答," 英國,東","

位於英國最東的城市是 Lowestoft，位於英國東南部的諾森郡，人口約有約 5.8 萬人。",stop
37,英國,東,請問位於英國最東的城市是甚麼，並把它地理位置和人口數用中文回答," 英國,東","

英國最東的城市是 Lowestoft，位於英格蘭東南部，人口約有 5 萬 8 千人。",stop
38,英國,東,請問位於英國最東的城市是甚麼，並把它地理位置和人口數用中文回答," 英國,東","

英國最東的城市是伯恩茅斯，位於英格蘭東南部，人口約為125,000人。",stop
39,英國,西,請問位於英國最西的城市是甚麼，並把它地理位置和人口數用中文回答," 英國,西","

英國最西的城市是貝克沃斯，位於英國西南角，人口約有5萬2千人。",stop
40,英國,西,請問位於英國最西的城市是甚麼，並把它地理位置和人口數用中文回答," 英國,西","

位於英國最西的城市是紐卡索，位於英國西南部的蘇格蘭西部海岸，人口約有21,340人。",stop
41,英國,西,請問位於英國最西的城市是甚麼，並把它地理位置和人口數用中文回答," 英國,西","

位於英國最西的城市是蘇格蘭格拉斯哥，位於英國蘇格蘭西部，人口約有600萬人。",stop
42,英國,南,請問位於英國最南的城市是甚麼，並把它地理位置和人口數用中文回答," 英國,南","

英國最南的城市是位於英格蘭西南部的約克郡萊斯特市，位置在英國的西南方，人口約有44,500人。",stop
43,英國,南,請問位於英國最南的城市是甚麼，並把它地理位置和人口數用中文回答," 英國,南","

位於英國最南的城市是皇家英格蘭港口城市皮特肯，地理位置位於英國西南側的南海沿岸，人口約",length
44,英國,南,請問位於英國最南的城市是甚麼，並把它地理位置和人口數用中文回答," 英國,南","？

位於英國最南的城市是Plymouth，地理位置位於英國西南部的Devon半島上，人口約有26萬人。",stop
45,英國,北,請問位於英國最北的城市是甚麼，並把它地理位置和人口數用中文回答," 英國,北","？

位於英國最北的城市是漢堡，位於英格蘭東北部，人口約為11.7萬人。",stop
46,英國,北,請問位於英國最北的城市是甚麼，並把它地理位置和人口數用中文回答," 英國,北","

英國最北的城市是蘇格蘭的阿伯丁，位於英國蘇格蘭北部，人口約為1萬7千人。",stop
47,英國,北,請問位於英國最北的城市是甚麼，並把它地理位置和人口數用中文回答," 英國,北","？

英國最北的城市是漢堡，位於英格蘭最北端，人口約有13萬人。",stop
48,澳洲,東,請問位於澳洲最東的城市是甚麼，並把它地理位置和人口數用中文回答," 澳洲,東","

位於澳洲最東的城市是布里斯班，位於昆士蘭州東北部，人口約有兩百萬人。",stop
49,澳洲,東,請問位於澳洲最東的城市是甚麼，並把它地理位置和人口數用中文回答," 澳洲,東","

位於澳洲最東的城市是布里斯班，它位於昆士蘭州的東北部，人口約有218萬人。",stop
50,澳洲,東,請問位於澳洲最東的城市是甚麼，並把它地理位置和人口數用中文回答," 澳洲,東","

位於澳洲最東的城市是布里斯班，位於昆士蘭省，東臨太平洋，人口約有百萬人。",stop
51,澳洲,西,請問位於澳洲最西的城市是甚麼，並把它地理位置和人口數用中文回答," 澳洲,西","

位於澳洲最西的城市是佩斯，位於澳洲西部塔斯馬尼亞州，人口約為25萬人。",stop
52,澳洲,西,請問位於澳洲最西的城市是甚麼，並把它地理位置和人口數用中文回答," 澳洲,西","

位於澳洲最西的城市是薩爾斯堡，位於西澳大利亞州，人口約有22萬人。",stop
53,澳洲,西,請問位於澳洲最西的城市是甚麼，並把它地理位置和人口數用中文回答," 澳洲,西","

位於澳洲最西的城市是佩斯，位於西澳大利亞州，人口約為25萬人。",stop
54,澳洲,南,請問位於澳洲最南的城市是甚麼，並把它地理位置和人口數用中文回答," 澳洲,南","

位於澳洲最南的城市是佩斯（Hobart），佩斯位於塔斯馬尼亞州的首府，人口約有22萬人。",stop
55,澳洲,南,請問位於澳洲最南的城市是甚麼，並把它地理位置和人口數用中文回答," 澳洲,南","

位於澳洲最南的城市是墨爾本，位於維多利亞州，人口約有四百萬人。",stop
56,澳洲,南,請問位於澳洲最南的城市是甚麼，並把它地理位置和人口數用中文回答," 澳洲,南","

位於澳洲最南的城市是坎培拉，位於澳洲首都地區，人口約有410,301人。",stop
57,澳洲,北,請問位於澳洲最北的城市是甚麼，並把它地理位置和人口數用中文回答," 澳洲,北","

澳洲最北的城市是布里斯本，位於昆士蘭省，人口約有4百萬人。",stop
58,澳洲,北,請問位於澳洲最北的城市是甚麼，並把它地理位置和人口數用中文回答," 澳洲,北","

位於澳洲最北的城市是達爾文，它位於澳洲北部領地的北部，人口約有23,000人。",stop
59,澳洲,北,請問位於澳洲最北的城市是甚麼，並把它地理位置和人口數用中文回答," 澳洲,北","

位於澳洲最北的城市是布里斯班，位於澳洲昆士蘭省的東南部，人口約有27萬人。",stop
